Borough, Avg Duration (in Hours)
Manhattan,23.56061849231788
Queens,16.278966758344335
Brooklyn,16.241295006411036
Bronx,16.00328215987296
Staten Island,15.311004152510383
